match_id,giornata,match_date,home,away,home_score,away_score,winner,pdf_name,pages,stats_page,Tiri_home,Tiri_away,Tiri_status,Tiri in porta_home,Tiri in porta_away,Tiri in porta_status,Tiri fuori_home,Tiri fuori_away,Tiri fuori_status,Tiri respinti_home,Tiri respinti_away,Tiri respinti_status,Passaggi chiave_home,Passaggi chiave_away,Passaggi chiave_status,Falli fatti_home,Falli fatti_away,Falli fatti_status,Corner_home,Corner_away,Corner_status,Fuorigioco_home,Fuorigioco_away,Fuorigioco_status,Dribbling_home,Dribbling_away,Dribbling_status,Passaggi riusciti_home,Passaggi riusciti_away,Passaggi riusciti_status,Passaggi riusciti/tentati (%)_home,Passaggi riusciti/tentati (%)_away,Passaggi riusciti/tentati (%)_status,Passaggi riusciti in ultimo terzo_home,Passaggi riusciti in ultimo terzo_away,Passaggi riusciti in ultimo terzo_status,Palloni giocati in avanti riusciti_home,Palloni giocati in avanti riusciti_away,Palloni giocati in avanti riusciti_status,Passaggi lunghi_home,Passaggi lunghi_away,Passaggi lunghi_status,Parate_home,Parate_away,Parate_status,Recuperi_home,Recuperi_away,Recuperi_status
G01_ATALANTA_SASSUOLO,1,23/08/2026,ATALANTA,SASSUOLO,2,1,ATALANTA,44127a94657a4a11832c118eed9e9421_ATASAS_MatchReport_IT.pdf,11,4,14.0,22.0,parsed,7.0,8.0,parsed,3.0,9.0,parsed,3.0,5.0,parsed,13.0,18.0,parsed,9.0,10.0,parsed,4.0,4.0,parsed,0.0,1.0,recovered_zero,5.0,10.0,parsed,566.0,433.0,parsed,91.0,91.0,parsed,78.0,81.0,parsed,200.0,160.0,parsed,38.0,32.0,parsed,7.0,5.0,parsed,39.0,44.0,parsed
G01_BOLOGNA_LAZIO,1,24/08/2026,BOLOGNA,LAZIO,0,1,LAZIO,e5e1363d12bf4adfb494f64c3654c16c_BOLLAZ_MatchReport_IT.pdf,11,4,14.0,10.0,parsed,6.0,3.0,parsed,4.0,5.0,parsed,3.0,2.0,parsed,8.0,9.0,parsed,18.0,19.0,parsed,8.0,6.0,parsed,2.0,3.0,parsed,7.0,7.0,parsed,423.0,280.0,parsed,89.0,83.0,parsed,61.0,60.0,parsed,149.0,129.0,parsed,29.0,25.0,parsed,2.0,4.0,parsed,32.0,34.0,parsed
G01_FROSINONE_JUVENTUS,1,23/08/2026,FROSINONE,JUVENTUS,0,1,JUVENTUS,87efe7bc3660456ca4b7c9426ad0fa85_FROJUV_MatchReport_IT.pdf,11,4,11.0,19.0,parsed,2.0,5.0,parsed,6.0,9.0,parsed,2.0,5.0,parsed,10.0,16.0,parsed,15.0,18.0,parsed,3.0,12.0,parsed,4.0,1.0,parsed,6.0,11.0,parsed,209.0,430.0,parsed,72.0,86.0,parsed,42.0,122.0,parsed,76.0,190.0,parsed,13.0,37.0,parsed,4.0,2.0,parsed,51.0,58.0,parsed
G01_GENOA_NAPOLI,1,22/08/2026,GENOA,NAPOLI,0,2,NAPOLI,160ddffa5500412baf2c48c2ea255675_GENNAP_MatchReport_IT.pdf,11,4,11.0,12.0,parsed,2.0,4.0,parsed,3.0,2.0,parsed,6.0,6.0,parsed,5.0,8.0,parsed,10.0,8.0,parsed,5.0,5.0,parsed,1.0,2.0,parsed,10.0,2.0,parsed,387.0,481.0,parsed,87.0,90.0,parsed,78.0,162.0,parsed,163.0,257.0,parsed,34.0,51.0,parsed,2.0,2.0,parsed,39.0,50.0,parsed
G01_INTER_MONZA,1,22/08/2026,INTER,MONZA,4,1,INTER,1cc7b922e8d44f93a52fb4bf8858e454_INTMON_MatchReport_IT.pdf,11,4,13.0,7.0,parsed,5.0,3.0,parsed,4.0,3.0,parsed,3.0,1.0,parsed,11.0,5.0,parsed,5.0,14.0,parsed,3.0,3.0,parsed,0.0,8.0,recovered_zero,6.0,6.0,parsed,656.0,256.0,parsed,89.0,78.0,parsed,96.0,40.0,parsed,233.0,87.0,parsed,67.0,40.0,parsed,2.0,1.0,parsed,34.0,35.0,parsed
G01_PARMA_CAGLIARI,1,22/08/2026,PARMA,CAGLIARI,0,1,CAGLIARI,5e0f7484954c4f8c823ff624cc0ab888_PARCAG_MatchReport_IT.pdf,11,4,12.0,14.0,parsed,2.0,5.0,parsed,10.0,6.0,parsed,0.0,3.0,recovered_zero,8.0,12.0,parsed,6.0,20.0,parsed,3.0,2.0,parsed,1.0,0.0,recovered_zero,14.0,6.0,parsed,403.0,475.0,parsed,86.0,89.0,parsed,33.0,84.0,parsed,111.0,230.0,parsed,24.0,21.0,parsed,4.0,2.0,parsed,38.0,31.0,parsed
G01_ROMA_FIORENTINA,1,24/08/2026,ROMA,FIORENTINA,4,0,ROMA,8555be7ed28343a196cce24873f245e2_ROMFIO_MatchReport_IT.pdf,11,4,17.0,9.0,parsed,8.0,4.0,parsed,6.0,4.0,parsed,3.0,1.0,parsed,15.0,6.0,parsed,15.0,11.0,parsed,2.0,3.0,parsed,1.0,1.0,parsed,5.0,8.0,parsed,504.0,307.0,parsed,90.0,84.0,parsed,108.0,48.0,parsed,234.0,124.0,parsed,43.0,28.0,parsed,4.0,4.0,parsed,48.0,42.0,parsed
G01_TORINO_MILAN,1,23/08/2026,TORINO,MILAN,1,2,MILAN,48a4a03799a54fcfa786527ed54d723b_TORMIL_MatchReport_IT.pdf,11,4,7.0,17.0,parsed,1.0,4.0,parsed,4.0,8.0,parsed,1.0,5.0,parsed,5.0,15.0,parsed,10.0,9.0,parsed,2.0,4.0,parsed,2.0,0.0,recovered_zero,13.0,9.0,parsed,334.0,513.0,parsed,83.0,88.0,parsed,37.0,72.0,parsed,124.0,199.0,parsed,20.0,45.0,parsed,2.0,0.0,recovered_zero,41.0,41.0,parsed
G01_UDINESE_COMO,1,22/08/2026,UDINESE,COMO,1,1,Pareggio,50b79ed0dfd04af4804eb12f69123766_UDICOM_MatchReport_IT.pdf,11,4,15.0,20.0,parsed,3.0,6.0,parsed,10.0,6.0,parsed,2.0,7.0,parsed,11.0,13.0,parsed,13.0,11.0,parsed,1.0,10.0,parsed,,,review,4.0,6.0,parsed,351.0,529.0,parsed,82.0,89.0,parsed,74.0,88.0,parsed,134.0,218.0,parsed,24.0,23.0,parsed,5.0,2.0,parsed,46.0,50.0,parsed
G01_VENEZIA_LECCE,1,23/08/2026,VENEZIA,LECCE,0,2,LECCE,e4fe3e637d6e496fb6a905a0b183ed1c_VENLEC_MatchReport_IT.pdf,11,4,18.0,11.0,parsed,6.0,5.0,parsed,9.0,4.0,parsed,3.0,1.0,parsed,11.0,9.0,parsed,8.0,12.0,parsed,5.0,3.0,parsed,2.0,2.0,parsed,10.0,2.0,parsed,577.0,200.0,parsed,87.0,73.0,parsed,107.0,36.0,parsed,244.0,95.0,parsed,42.0,17.0,parsed,2.0,6.0,parsed,56.0,47.0,parsed
G02_ATALANTA_BOLOGNA,2,31/08/2026,ATALANTA,BOLOGNA,1,0,ATALANTA,8955e66c6ca5484d8500e78890332c59_ATABOL_MatchReport_IT.pdf,11,4,6.0,15.0,parsed,2.0,3.0,parsed,2.0,8.0,parsed,2.0,3.0,parsed,6.0,12.0,parsed,10.0,13.0,parsed,1.0,2.0,parsed,0.0,4.0,recovered_zero,4.0,8.0,parsed,435.0,640.0,parsed,86.0,92.0,parsed,88.0,96.0,parsed,165.0,207.0,parsed,56.0,63.0,parsed,3.0,1.0,parsed,24.0,29.0,parsed
G02_CAGLIARI_INTER,2,30/08/2026,CAGLIARI,INTER,0,1,INTER,aaa641323ef546f5a5fb5727ac4ef145_CAGINT_MatchReport_IT.pdf,11,4,10.0,29.0,parsed,0.0,7.0,recovered_zero,8.0,17.0,parsed,2.0,5.0,parsed,7.0,21.0,parsed,6.0,5.0,parsed,8.0,6.0,parsed,4.0,0.0,recovered_zero,6.0,5.0,parsed,329.0,636.0,parsed,84.0,90.0,parsed,55.0,138.0,parsed,118.0,282.0,parsed,33.0,47.0,parsed,5.0,0.0,recovered_zero,42.0,49.0,parsed
G02_FIORENTINA_FROSINONE,2,29/08/2026,FIORENTINA,FROSINONE,0,3,FROSINONE,fc127bfcf8514a9eb56e850c850e91d6_FIOFRO_MatchReport_IT.pdf,11,4,25.0,11.0,parsed,4.0,6.0,parsed,10.0,3.0,parsed,9.0,2.0,parsed,18.0,10.0,parsed,14.0,21.0,parsed,8.0,5.0,parsed,1.0,1.0,parsed,12.0,13.0,parsed,374.0,210.0,parsed,83.0,76.0,parsed,92.0,55.0,parsed,178.0,81.0,parsed,25.0,25.0,parsed,3.0,4.0,parsed,47.0,53.0,parsed
G02_JUVENTUS_PARMA,2,29/08/2026,JUVENTUS,PARMA,2,0,JUVENTUS,ebf6152ee01f4ade99512e302d6dea47_JUVPAR_MatchReport_IT.pdf,11,4,21.0,4.0,parsed,6.0,3.0,parsed,9.0,1.0,parsed,3.0,0.0,recovered_zero,14.0,3.0,parsed,23.0,12.0,parsed,10.0,2.0,parsed,1.0,1.0,parsed,13.0,7.0,parsed,515.0,364.0,parsed,92.0,87.0,parsed,236.0,48.0,parsed,358.0,106.0,parsed,49.0,42.0,parsed,3.0,4.0,parsed,34.0,25.0,parsed
G02_LAZIO_GENOA,2,30/08/2026,LAZIO,GENOA,1,0,LAZIO,9d9ce7d178144bf7849e070d20ac7e87_LAZGEN_MatchReport_IT.pdf,11,4,15.0,8.0,parsed,2.0,1.0,parsed,7.0,4.0,parsed,5.0,3.0,parsed,14.0,7.0,parsed,18.0,6.0,parsed,4.0,2.0,parsed,0.0,2.0,recovered_zero,8.0,6.0,parsed,441.0,513.0,parsed,87.0,87.0,parsed,137.0,66.0,parsed,230.0,161.0,parsed,54.0,69.0,parsed,1.0,1.0,parsed,36.0,35.0,parsed
G02_LECCE_ROMA,2,31/08/2026,LECCE,ROMA,0,4,ROMA,1ea05880c7a9419fb44d428b0b26e3cf_LECROM_MatchReport_IT.pdf,11,4,8.0,15.0,parsed,3.0,8.0,parsed,4.0,7.0,parsed,,,review,5.0,10.0,parsed,9.0,8.0,parsed,2.0,1.0,parsed,0.0,9.0,recovered_zero,8.0,10.0,parsed,335.0,625.0,parsed,80.0,89.0,parsed,34.0,107.0,parsed,109.0,266.0,parsed,19.0,34.0,parsed,4.0,2.0,parsed,38.0,55.0,parsed
G02_MILAN_VENEZIA,2,28/08/2026,MILAN,VENEZIA,2,0,MILAN,930f34f78d2c4220a22398aa55eff622_MILVEN_MatchReport_IT.pdf,11,4,16.0,9.0,parsed,5.0,2.0,parsed,8.0,3.0,parsed,2.0,4.0,parsed,13.0,6.0,parsed,8.0,11.0,parsed,2.0,3.0,parsed,1.0,4.0,parsed,7.0,6.0,parsed,465.0,321.0,parsed,88.0,83.0,parsed,80.0,58.0,parsed,192.0,156.0,parsed,30.0,28.0,parsed,2.0,4.0,parsed,42.0,41.0,parsed
G02_MONZA_UDINESE,2,29/08/2026,MONZA,UDINESE,2,3,UDINESE,f3b167cf831e4f8cb972913b6bd88bed_MONUDI_MatchReport_IT.pdf,11,4,14.0,12.0,parsed,5.0,5.0,parsed,5.0,2.0,parsed,4.0,4.0,parsed,12.0,9.0,parsed,10.0,12.0,parsed,3.0,3.0,parsed,4.0,1.0,parsed,6.0,11.0,parsed,382.0,367.0,parsed,83.0,85.0,parsed,89.0,81.0,parsed,174.0,169.0,parsed,58.0,57.0,parsed,2.0,3.0,parsed,44.0,46.0,parsed
G02_NAPOLI_COMO,2,30/08/2026,NAPOLI,COMO,1,2,COMO,4115d1ee7b934f6681fb89aab9cade08_NAPCOM_MatchReport_IT.pdf,11,4,12.0,22.0,parsed,2.0,7.0,parsed,5.0,8.0,parsed,5.0,6.0,parsed,8.0,19.0,parsed,9.0,4.0,parsed,2.0,7.0,parsed,9.0,0.0,recovered_zero,6.0,8.0,parsed,403.0,576.0,parsed,86.0,92.0,parsed,104.0,145.0,parsed,204.0,293.0,parsed,32.0,32.0,parsed,4.0,1.0,parsed,35.0,44.0,parsed
G02_SASSUOLO_TORINO,2,29/08/2026,SASSUOLO,TORINO,2,1,SASSUOLO,041af211814b49418816a69ea7ec7eb6_SASTOR_MatchReport_IT.pdf,11,4,19.0,10.0,parsed,7.0,4.0,parsed,5.0,3.0,parsed,6.0,3.0,parsed,17.0,6.0,parsed,12.0,9.0,parsed,4.0,3.0,parsed,5.0,0.0,recovered_zero,8.0,13.0,parsed,426.0,485.0,parsed,87.0,89.0,parsed,146.0,67.0,parsed,262.0,162.0,parsed,41.0,27.0,parsed,3.0,5.0,parsed,44.0,43.0,parsed
G03_BOLOGNA_SASSUOLO,3,06/09/2026,BOLOGNA,SASSUOLO,2,2,Pareggio,e9c3a062798b4974badf0c9f4c6b8680_BOLSAS_MatchReport_IT.pdf,11,4,22.0,14.0,parsed,5.0,6.0,parsed,6.0,1.0,parsed,10.0,7.0,parsed,14.0,9.0,parsed,14.0,8.0,parsed,10.0,7.0,parsed,0.0,2.0,recovered_zero,7.0,10.0,parsed,539.0,329.0,parsed,94.0,85.0,parsed,128.0,70.0,parsed,308.0,134.0,parsed,20.0,29.0,parsed,4.0,3.0,parsed,38.0,33.0,parsed
G03_CAGLIARI_LECCE,3,07/09/2026,CAGLIARI,LECCE,1,0,CAGLIARI,5095ed8887b54b8a99e0b74acf00782d_CAGLEC_MatchReport_IT.pdf,11,4,21.0,9.0,parsed,9.0,2.0,parsed,5.0,4.0,parsed,5.0,3.0,parsed,13.0,7.0,parsed,9.0,13.0,parsed,7.0,5.0,parsed,5.0,1.0,parsed,15.0,12.0,parsed,337.0,459.0,parsed,85.0,83.0,parsed,70.0,70.0,parsed,149.0,183.0,parsed,25.0,27.0,parsed,2.0,8.0,parsed,31.0,24.0,parsed
G03_FIORENTINA_TORINO,3,05/09/2026,FIORENTINA,TORINO,1,2,TORINO,fa5bd623291544e09fcf3963235095cd_FIOTOR_MatchReport_IT.pdf,11,4,14.0,7.0,parsed,6.0,4.0,parsed,6.0,0.0,recovered_zero,2.0,3.0,parsed,8.0,7.0,parsed,13.0,9.0,parsed,3.0,5.0,parsed,1.0,0.0,recovered_zero,7.0,7.0,parsed,307.0,508.0,parsed,86.0,89.0,parsed,93.0,104.0,parsed,175.0,258.0,parsed,31.0,23.0,parsed,2.0,4.0,parsed,34.0,35.0,parsed
G03_FROSINONE_VENEZIA,3,06/09/2026,FROSINONE,VENEZIA,3,2,FROSINONE,18a37aed48f14b739371499da39712da_FROVEN_MatchReport_IT.pdf,12,5,13.0,15.0,parsed,9.0,4.0,parsed,1.0,6.0,parsed,2.0,5.0,parsed,11.0,11.0,parsed,18.0,14.0,parsed,5.0,2.0,parsed,6.0,1.0,parsed,4.0,4.0,parsed,189.0,336.0,parsed,68.0,77.0,parsed,61.0,56.0,parsed,101.0,102.0,parsed,14.0,40.0,parsed,2.0,6.0,parsed,56.0,55.0,parsed
G03_GENOA_COMO,3,04/09/2026,GENOA,COMO,1,4,COMO,1e9a6c87d8a2434a9cbe57ce46459d7f_GENCOM_MatchReport_IT.pdf,11,4,11.0,20.0,parsed,2.0,9.0,parsed,4.0,5.0,parsed,4.0,5.0,parsed,11.0,16.0,parsed,8.0,7.0,parsed,5.0,4.0,parsed,6.0,2.0,parsed,6.0,13.0,parsed,339.0,603.0,parsed,86.0,93.0,parsed,55.0,146.0,parsed,123.0,295.0,parsed,40.0,60.0,parsed,5.0,1.0,parsed,16.0,20.0,parsed
G03_INTER_NAPOLI,3,05/09/2026,INTER,NAPOLI,3,2,INTER,86b3628029294fd09f41812584afb77b_INTNAP_MatchReport_IT.pdf,11,4,28.0,16.0,parsed,8.0,7.0,parsed,11.0,4.0,parsed,7.0,5.0,parsed,19.0,11.0,parsed,7.0,7.0,parsed,10.0,5.0,parsed,1.0,2.0,parsed,4.0,2.0,parsed,521.0,292.0,parsed,90.0,80.0,parsed,186.0,67.0,parsed,310.0,125.0,parsed,37.0,34.0,parsed,5.0,5.0,parsed,46.0,44.0,parsed
G03_JUVENTUS_MILAN,3,06/09/2026,JUVENTUS,MILAN,1,1,Pareggio,7c4d8a215bdb45d9bf8b6f48fe82fbaa_JUVMIL_MatchReport_IT.pdf,11,4,13.0,3.0,parsed,5.0,1.0,parsed,4.0,1.0,parsed,3.0,1.0,parsed,7.0,2.0,parsed,10.0,11.0,parsed,7.0,1.0,parsed,5.0,1.0,parsed,7.0,8.0,parsed,418.0,443.0,parsed,87.0,87.0,parsed,148.0,90.0,parsed,259.0,174.0,parsed,38.0,43.0,parsed,0.0,4.0,recovered_zero,31.0,24.0,parsed
G03_PARMA_MONZA,3,06/09/2026,PARMA,MONZA,1,1,Pareggio,08d025f6cd1d4272bc2ba4671a1da61a_PARMON_MatchReport_IT.pdf,11,4,6.0,16.0,parsed,3.0,5.0,parsed,1.0,9.0,parsed,2.0,2.0,parsed,5.0,14.0,parsed,16.0,16.0,parsed,6.0,3.0,parsed,0.0,4.0,recovered_zero,8.0,5.0,parsed,295.0,360.0,parsed,82.0,84.0,parsed,30.0,100.0,parsed,72.0,179.0,parsed,31.0,32.0,parsed,3.0,2.0,parsed,41.0,43.0,parsed
G03_ROMA_ATALANTA,3,05/09/2026,ROMA,ATALANTA,2,1,ROMA,9541a0be3a734a4cb2b3979280da7f3f_ROMATA_MatchReport_IT.pdf,11,4,35.0,6.0,parsed,10.0,2.0,parsed,13.0,3.0,parsed,7.0,1.0,parsed,28.0,5.0,parsed,9.0,10.0,parsed,14.0,1.0,parsed,5.0,4.0,parsed,12.0,5.0,parsed,562.0,269.0,parsed,89.0,76.0,parsed,163.0,38.0,parsed,309.0,87.0,parsed,45.0,29.0,parsed,1.0,8.0,parsed,41.0,29.0,parsed
G03_UDINESE_LAZIO,3,07/09/2026,UDINESE,LAZIO,1,2,LAZIO,8f81947dbf6149b7b2801dbf1fa8d68c_UDILAZ_MatchReport_IT.pdf,11,4,9.0,19.0,parsed,6.0,6.0,parsed,1.0,6.0,parsed,2.0,6.0,parsed,8.0,14.0,parsed,13.0,9.0,parsed,2.0,8.0,parsed,1.0,1.0,parsed,6.0,11.0,parsed,306.0,501.0,parsed,81.0,89.0,parsed,45.0,98.0,parsed,127.0,218.0,parsed,35.0,24.0,parsed,3.0,5.0,parsed,47.0,54.0,parsed
G04_ATALANTA_CAGLIARI,4,12/09/2026,ATALANTA,CAGLIARI,1,2,CAGLIARI,c87267dcb32a4bd184eb4019cb88f531_ATACAG_MatchReport_IT.pdf,11,4,22.0,5.0,parsed,4.0,5.0,parsed,10.0,0.0,recovered_zero,8.0,0.0,recovered_zero,14.0,5.0,parsed,9.0,8.0,parsed,3.0,2.0,parsed,1.0,2.0,parsed,11.0,4.0,parsed,654.0,379.0,parsed,92.0,86.0,parsed,183.0,25.0,parsed,379.0,65.0,parsed,27.0,28.0,parsed,3.0,3.0,parsed,59.0,49.0,parsed
G04_COMO_PARMA,4,14/09/2026,COMO,PARMA,2,1,COMO,4a9f7d8ed19147318913acb1f4110a93_COMPAR_MatchReport_IT.pdf,11,4,25.0,12.0,parsed,7.0,4.0,parsed,7.0,5.0,parsed,11.0,1.0,parsed,18.0,10.0,parsed,8.0,4.0,parsed,11.0,4.0,parsed,4.0,2.0,parsed,15.0,6.0,parsed,624.0,310.0,parsed,90.0,82.0,parsed,240.0,43.0,parsed,384.0,98.0,parsed,53.0,48.0,parsed,3.0,5.0,parsed,46.0,36.0,parsed
G04_GENOA_FROSINONE,4,12/09/2026,GENOA,FROSINONE,1,1,Pareggio,63df33b09832485fab2f1fe0190cb0a1_GENFRO_MatchReport_IT.pdf,11,4,17.0,26.0,parsed,5.0,6.0,parsed,5.0,6.0,parsed,7.0,13.0,parsed,11.0,19.0,parsed,12.0,12.0,parsed,8.0,9.0,parsed,2.0,3.0,parsed,6.0,8.0,parsed,193.0,305.0,parsed,65.0,81.0,parsed,50.0,122.0,parsed,87.0,188.0,parsed,25.0,14.0,parsed,5.0,4.0,parsed,36.0,39.0,parsed
G04_INTER_UDINESE,4,14/09/2026,INTER,UDINESE,5,3,INTER,07028ce41c0d4c43b0c207a2561310f3_INTUDI_MatchReport_IT.pdf,11,4,27.0,6.0,parsed,12.0,5.0,parsed,4.0,0.0,recovered_zero,11.0,1.0,parsed,16.0,5.0,parsed,9.0,9.0,parsed,10.0,1.0,parsed,3.0,1.0,parsed,2.0,7.0,parsed,613.0,294.0,parsed,93.0,84.0,parsed,152.0,29.0,parsed,297.0,81.0,parsed,42.0,35.0,parsed,2.0,7.0,parsed,40.0,32.0,parsed
G04_LAZIO_MILAN,4,12/09/2026,LAZIO,MILAN,2,2,Pareggio,9aa9e29151f3498cb12a5955c225ded1_LAZMIL_MatchReport_IT.pdf,11,4,8.0,15.0,parsed,6.0,7.0,parsed,2.0,5.0,parsed,0.0,3.0,recovered_zero,4.0,12.0,parsed,15.0,14.0,parsed,2.0,5.0,parsed,2.0,1.0,parsed,7.0,11.0,parsed,283.0,595.0,parsed,81.0,92.0,parsed,38.0,79.0,parsed,80.0,203.0,parsed,17.0,36.0,parsed,5.0,4.0,parsed,39.0,35.0,parsed
G04_LECCE_MONZA,4,13/09/2026,LECCE,MONZA,3,2,LECCE,b7ecdcd497b3445490aa0f0ba58468b5_LECMON_MatchReport_IT.pdf,11,4,7.0,17.0,parsed,3.0,10.0,parsed,2.0,5.0,parsed,1.0,2.0,parsed,3.0,10.0,parsed,14.0,13.0,parsed,4.0,6.0,parsed,0.0,4.0,recovered_zero,7.0,8.0,parsed,248.0,440.0,parsed,73.0,84.0,parsed,26.0,103.0,parsed,99.0,234.0,parsed,34.0,40.0,parsed,7.0,0.0,recovered_zero,45.0,48.0,parsed
G04_NAPOLI_BOLOGNA,4,13/09/2026,NAPOLI,BOLOGNA,1,0,NAPOLI,eefcca4b6f0f47c38acd745f612d30af_NAPBOL_MatchReport_IT.pdf,11,4,13.0,5.0,parsed,3.0,3.0,parsed,4.0,2.0,parsed,5.0,0.0,recovered_zero,11.0,4.0,parsed,15.0,10.0,parsed,10.0,0.0,recovered_zero,2.0,3.0,parsed,10.0,7.0,parsed,514.0,379.0,parsed,92.0,88.0,parsed,168.0,68.0,parsed,306.0,139.0,parsed,39.0,36.0,parsed,3.0,2.0,parsed,44.0,47.0,parsed
G04_SASSUOLO_JUVENTUS,4,13/09/2026,SASSUOLO,JUVENTUS,3,2,SASSUOLO,9388dc1dd7d1471f9a99150ab044f3b8_SASJUV_MatchReport_IT.pdf,11,4,10.0,19.0,parsed,6.0,8.0,parsed,2.0,3.0,parsed,1.0,6.0,parsed,7.0,12.0,parsed,8.0,13.0,parsed,3.0,10.0,parsed,3.0,2.0,parsed,7.0,10.0,parsed,394.0,544.0,parsed,85.0,88.0,parsed,52.0,125.0,parsed,111.0,310.0,parsed,28.0,43.0,parsed,6.0,3.0,parsed,44.0,46.0,parsed
G04_TORINO_ROMA,4,14/09/2026,TORINO,ROMA,0,2,ROMA,ca1647d15eea4124a020a3796bc9a700_TORROM_MatchReport_IT.pdf,11,4,7.0,14.0,parsed,3.0,5.0,parsed,3.0,7.0,parsed,1.0,2.0,parsed,5.0,10.0,parsed,7.0,20.0,parsed,1.0,8.0,parsed,0.0,2.0,recovered_zero,9.0,16.0,parsed,461.0,397.0,parsed,82.0,82.0,parsed,51.0,108.0,parsed,136.0,216.0,parsed,34.0,40.0,parsed,3.0,3.0,parsed,35.0,48.0,parsed
G04_VENEZIA_FIORENTINA,4,11/09/2026,VENEZIA,FIORENTINA,2,4,FIORENTINA,e32f1d77a1aa4798845a2d0239cbaf5a_VENFIO_MatchReport_IT.pdf,10,4,9.0,19.0,parsed,3.0,9.0,parsed,5.0,4.0,parsed,1.0,3.0,parsed,9.0,14.0,parsed,11.0,6.0,parsed,2.0,4.0,parsed,3.0,2.0,parsed,13.0,16.0,parsed,530.0,288.0,parsed,88.0,81.0,parsed,144.0,83.0,parsed,249.0,162.0,parsed,69.0,30.0,parsed,5.0,1.0,parsed,37.0,36.0,parsed
G05_BOLOGNA_TORINO,5,19/09/2026,BOLOGNA,TORINO,1,1,Pareggio,9dc5081d9da34e7ebc9f5f399f4fde3e_BOLTOR_MatchReport_IT.pdf,11,4,10.0,14.0,parsed,1.0,3.0,parsed,6.0,8.0,parsed,3.0,3.0,parsed,6.0,12.0,parsed,18.0,12.0,parsed,1.0,6.0,parsed,3.0,0.0,recovered_zero,2.0,3.0,parsed,248.0,388.0,parsed,73.0,82.0,parsed,41.0,57.0,parsed,98.0,147.0,parsed,24.0,26.0,parsed,2.0,0.0,recovered_zero,54.0,44.0,parsed
G05_FIORENTINA_NAPOLI,5,20/09/2026,FIORENTINA,NAPOLI,1,1,Pareggio,366086de79234367babcea766de9a1f7_FIONAP_MatchReport_IT.pdf,11,4,16.0,11.0,parsed,4.0,5.0,parsed,8.0,5.0,parsed,3.0,1.0,parsed,14.0,8.0,parsed,11.0,9.0,parsed,4.0,5.0,parsed,0.0,1.0,recovered_zero,6.0,9.0,parsed,351.0,494.0,parsed,84.0,92.0,parsed,106.0,119.0,parsed,215.0,233.0,parsed,17.0,41.0,parsed,4.0,3.0,parsed,45.0,49.0,parsed
G05_FROSINONE_COMO,5,20/09/2026,FROSINONE,COMO,2,0,FROSINONE,659b1f7ed9f14b94a4fc025045e55ced_FROCOM_MatchReport_IT.pdf,11,4,22.0,26.0,parsed,6.0,8.0,parsed,12.0,10.0,parsed,4.0,8.0,parsed,17.0,13.0,parsed,21.0,8.0,parsed,7.0,8.0,parsed,2.0,2.0,parsed,15.0,11.0,parsed,203.0,446.0,parsed,77.0,89.0,parsed,46.0,125.0,parsed,95.0,215.0,parsed,14.0,33.0,parsed,8.0,4.0,parsed,61.0,46.0,parsed
G05_JUVENTUS_ATALANTA,5,20/09/2026,JUVENTUS,ATALANTA,2,0,JUVENTUS,04fabb2a6dcc487bbdab3d1710dcdab5_JUVATA_MatchReport_IT.pdf,11,4,14.0,11.0,parsed,6.0,2.0,parsed,4.0,6.0,parsed,4.0,3.0,parsed,11.0,10.0,parsed,10.0,10.0,parsed,4.0,5.0,parsed,4.0,0.0,recovered_zero,4.0,3.0,parsed,487.0,429.0,parsed,88.0,91.0,parsed,106.0,95.0,parsed,176.0,228.0,parsed,32.0,25.0,parsed,1.0,4.0,parsed,35.0,36.0,parsed
G05_MILAN_LECCE,5,20/09/2026,MILAN,LECCE,3,0,MILAN,8978d7b9501b49b4a3f526eb7dd3d877_MILLEC_MatchReport_IT.pdf,11,4,10.0,6.0,parsed,4.0,3.0,parsed,2.0,1.0,parsed,4.0,2.0,parsed,6.0,3.0,parsed,9.0,15.0,parsed,2.0,3.0,parsed,4.0,1.0,parsed,6.0,5.0,parsed,639.0,265.0,parsed,91.0,80.0,parsed,61.0,33.0,parsed,183.0,83.0,parsed,36.0,19.0,parsed,3.0,1.0,parsed,51.0,44.0,parsed
G05_MONZA_SASSUOLO,5,18/09/2026,MONZA,SASSUOLO,2,1,MONZA,3e2b413e28e941eaa67c235d56f0f49e_MONSAS_MatchReport_IT.pdf,11,4,15.0,19.0,parsed,6.0,8.0,parsed,6.0,5.0,parsed,3.0,5.0,parsed,13.0,15.0,parsed,13.0,6.0,parsed,7.0,5.0,parsed,0.0,1.0,recovered_zero,6.0,6.0,parsed,272.0,553.0,parsed,81.0,89.0,parsed,52.0,111.0,parsed,114.0,247.0,parsed,29.0,46.0,parsed,7.0,4.0,parsed,46.0,48.0,parsed
G05_PARMA_GENOA,5,20/09/2026,PARMA,GENOA,2,1,PARMA,bc43f881caea41d9852ea93e113984d8_PARGEN_MatchReport_IT.pdf,11,4,5.0,12.0,parsed,2.0,5.0,parsed,2.0,3.0,parsed,1.0,4.0,parsed,5.0,7.0,parsed,17.0,14.0,parsed,2.0,5.0,parsed,3.0,1.0,parsed,7.0,5.0,parsed,261.0,396.0,parsed,81.0,82.0,parsed,20.0,85.0,parsed,57.0,204.0,parsed,25.0,26.0,parsed,4.0,0.0,recovered_zero,40.0,49.0,parsed
G05_ROMA_INTER,5,19/09/2026,ROMA,INTER,2,2,Pareggio,1fa6b87a405e48298591a6cec6e5afc6_ROMINT_MatchReport_IT.pdf,11,4,18.0,16.0,parsed,4.0,5.0,parsed,7.0,6.0,parsed,7.0,3.0,parsed,12.0,14.0,parsed,13.0,7.0,parsed,4.0,2.0,parsed,3.0,3.0,parsed,10.0,7.0,parsed,406.0,431.0,parsed,85.0,87.0,parsed,126.0,107.0,parsed,221.0,177.0,parsed,40.0,25.0,parsed,3.0,2.0,parsed,56.0,43.0,parsed
G05_UDINESE_CAGLIARI,5,19/09/2026,UDINESE,CAGLIARI,0,1,CAGLIARI,b379132366c34e029867ef76218226f3_UDICAG_MatchReport_IT.pdf,11,4,27.0,5.0,parsed,6.0,2.0,parsed,12.0,1.0,parsed,7.0,1.0,parsed,17.0,2.0,parsed,10.0,8.0,parsed,16.0,1.0,parsed,2.0,4.0,parsed,6.0,5.0,parsed,575.0,301.0,parsed,91.0,85.0,parsed,160.0,11.0,parsed,344.0,58.0,parsed,40.0,25.0,parsed,1.0,6.0,parsed,42.0,41.0,parsed
G05_VENEZIA_LAZIO,5,19/09/2026,VENEZIA,LAZIO,0,2,LAZIO,9d15e895b0c643a0a2037c4348e4f9c0_VENLAZ_MatchReport_IT.pdf,11,4,16.0,11.0,parsed,6.0,2.0,parsed,6.0,6.0,parsed,4.0,3.0,parsed,9.0,7.0,parsed,14.0,8.0,parsed,7.0,2.0,parsed,2.0,0.0,recovered_zero,5.0,10.0,parsed,441.0,455.0,parsed,87.0,89.0,parsed,107.0,85.0,parsed,193.0,234.0,parsed,26.0,38.0,parsed,0.0,6.0,recovered_zero,47.0,47.0,parsed
