pdf_name,status,match_id,published,updated,header
fd839c27f74a426a8575e734bc3d57a4_PARCAT_MatchReport_IT.pdf,other,,2026-08-14T19:31:49,2026-08-19T15:20:50,TRENTADUESIMI DI FINALE / COPPA ITALIA FRECCIAROSSA 2026-2027
bc1bacf1329f4623930e297e5a0c62c8_CAGARE_MatchReport_IT.pdf,other,,2026-08-14T19:32:28,2026-08-19T15:22:55,TRENTADUESIMI DI FINALE / COPPA ITALIA FRECCIAROSSA 2026-2027
0e589b803382473b94ff61ed5f16a3e8_MONAVE_MatchReport_IT.pdf,other,,2026-08-14T20:51:22,2026-08-19T15:23:51,TRENTADUESIMI DI FINALE / COPPA ITALIA FRECCIAROSSA 2026-2027
12e4dbf7d5ce4481bfdcc0d20c970a05_FIOBEN_MatchReport_IT.pdf,other,,2026-08-14T21:26:38,2026-08-19T15:21:33,TRENTADUESIMI DI FINALE / COPPA ITALIA FRECCIAROSSA 2026-2027
b55975f14a9d4261b0f0f8507b93c72b_UDIPAD_MatchReport_IT.pdf,other,,2026-08-15T18:46:02,2026-08-19T15:24:32,TRENTADUESIMI DI FINALE / COPPA ITALIA FRECCIAROSSA 2026-2027
b161634901974981a637a54e2ca75b1d_CTZSUD_MatchReport_IT.pdf,other,,2026-08-15T19:50:43,2026-08-19T15:25:08,TRENTADUESIMI DI FINALE / COPPA ITALIA FRECCIAROSSA 2026-2027
8a7393f546304ffa9444987bd9fa1858_TORCAR_MatchReport_IT.pdf,other,,2026-08-15T21:23:01,2026-08-19T15:25:43,TRENTADUESIMI DI FINALE / COPPA ITALIA FRECCIAROSSA 2026-2027
3a251e68d53a4209b3bb5d882ef3fed9_FROJST_MatchReport_IT.pdf,other,,2026-08-16T18:28:08,2026-08-19T15:28:25,TRENTADUESIMI DI FINALE / COPPA ITALIA FRECCIAROSSA 2026-2027
a0fc007c5e1d40adaef9f3e1b96c0a36_GENASC_MatchReport_IT.pdf,other,,2026-08-16T18:38:59,2026-08-19T15:29:31,TRENTADUESIMI DI FINALE / COPPA ITALIA FRECCIAROSSA 2026-2027
f7c06ddf26144658a6be7bd5e4f550d2_VERENT_MatchReport_IT.pdf,other,,2026-08-16T21:08:06,2026-08-19T15:32:57,TRENTADUESIMI DI FINALE / COPPA ITALIA FRECCIAROSSA 2026-2027
61d7e3214ac24184affb2da3d3724166_LAZMAN_MatchReport_IT.pdf,other,,2026-08-16T21:21:23,2026-08-19T15:33:31,TRENTADUESIMI DI FINALE / COPPA ITALIA FRECCIAROSSA 2026-2027
f6e9c731816742daaa4a39279504c09f_PISEMP_MatchReport_IT.pdf,other,,2026-08-17T18:29:25,2026-08-19T15:30:19,TRENTADUESIMI DI FINALE / COPPA ITALIA FRECCIAROSSA 2026-2027
967ed0df410549d4b94fc8a710969ba3_SASCES_MatchReport_IT.pdf,other,,2026-08-17T18:42:06,2026-08-19T15:30:56,TRENTADUESIMI DI FINALE / COPPA ITALIA FRECCIAROSSA 2026-2027
4b7026bd5c2444bb95f26a5649b3ec31_CRESAM_MatchReport_IT.pdf,other,,2026-08-17T21:19:32,2026-08-19T15:34:55,TRENTADUESIMI DI FINALE / COPPA ITALIA FRECCIAROSSA 2026-2027
88fafe2112554c5a804d296d9158669a_PALLEC_MatchReport_IT.pdf,other,,2026-08-17T21:39:11,2026-08-19T15:31:56,TRENTADUESIMI DI FINALE / COPPA ITALIA FRECCIAROSSA 2026-2027
46d6cbc45c9a48e39eefce3c3b37f6cb_PARCRE_MatchReport_IT.pdf,other,,2026-09-09T14:07:19,2026-09-09T14:07:19,SEDICESIMI / COPPA ITALIA FRECCIAROSSA 2026-2027
57d6b5bb85c94493ad998cc5a62e4fb3_SASFRO_MatchReport_IT.pdf,other,,2026-09-09T14:15:19,2026-09-09T14:15:19,SEDICESIMI / COPPA ITALIA FRECCIAROSSA 2026-2027
94df7c1df28143c19d18b93ca821f9e1_PALMAN_MatchReport_IT.pdf,other,,2026-09-09T14:16:19,2026-09-09T14:16:19,SEDICESIMI / COPPA ITALIA FRECCIAROSSA 2026-2027
7168a03ce9884713809333d1fe912368_TORMON_MatchReport_IT.pdf,other,,2026-09-09T14:19:12,2026-09-09T15:02:53,SEDICESIMI / COPPA ITALIA FRECCIAROSSA 2026-2027
a3fd26e6f8e1495d9ac88113ce0b8be5_CAGVER_MatchReport_IT.pdf,other,,2026-09-09T14:20:21,2026-09-09T14:20:21,SEDICESIMI / COPPA ITALIA FRECCIAROSSA 2026-2027
7084ae1c910840ce9dbb12f3321307e6_FIOPIS_MatchReport_IT.pdf,other,,2026-09-16T17:54:37,2026-09-16T17:54:37,SEDICESIMI / COPPA ITALIA FRECCIAROSSA 2026-2027
17dd69c3a706401e8362de9bb0e6d49d_GENSUD_MatchReport_IT.pdf,other,,2026-09-16T17:55:43,2026-09-16T17:55:43,SEDICESIMI / COPPA ITALIA FRECCIAROSSA 2026-2027
acad0efe5752428e9c6138b18079f61a_VENMOD_MatchReport_IT.pdf,other,,2026-09-18T11:14:40,2026-09-18T11:14:40,TRENTADUESIMI DI FINALE / COPPA ITALIA FRECCIAROSSA 2026-2027
50a074b39c7542a7b5c8dd37378b4fdd_UDIVEN_MatchReport_IT.pdf,other,,2026-09-18T11:21:00,2026-09-18T11:21:00,SEDICESIMI / COPPA ITALIA FRECCIAROSSA 2026-2027
1cc7b922e8d44f93a52fb4bf8858e454_INTMON_MatchReport_IT.pdf,serie_a,G01_INTER_MONZA,2026-08-22T18:49:51,2026-09-04T18:09:30,SERIE A ENILIVE 2026-2027
50b79ed0dfd04af4804eb12f69123766_UDICOM_MatchReport_IT.pdf,serie_a,G01_UDINESE_COMO,2026-08-22T18:50:16,2026-09-04T18:11:13,SERIE A ENILIVE 2026-2027
160ddffa5500412baf2c48c2ea255675_GENNAP_MatchReport_IT.pdf,serie_a,G01_GENOA_NAPOLI,2026-08-22T20:57:03,2026-09-04T18:12:00,SERIE A ENILIVE 2026-2027
5e0f7484954c4f8c823ff624cc0ab888_PARCAG_MatchReport_IT.pdf,serie_a,G01_PARMA_CAGLIARI,2026-08-22T20:58:10,2026-09-04T18:12:37,SERIE A ENILIVE 2026-2027
87efe7bc3660456ca4b7c9426ad0fa85_FROJUV_MatchReport_IT.pdf,serie_a,G01_FROSINONE_JUVENTUS,2026-08-23T19:18:05,2026-09-04T18:13:12,SERIE A ENILIVE 2026-2027
44127a94657a4a11832c118eed9e9421_ATASAS_MatchReport_IT.pdf,serie_a,G01_ATALANTA_SASSUOLO,2026-08-25T07:59:35,2026-09-04T18:14:12,SERIE A ENILIVE 2026-2027
e5e1363d12bf4adfb494f64c3654c16c_BOLLAZ_MatchReport_IT.pdf,serie_a,G01_BOLOGNA_LAZIO,2026-08-25T08:43:26,2026-09-04T18:14:54,SERIE A ENILIVE 2026-2027
8555be7ed28343a196cce24873f245e2_ROMFIO_MatchReport_IT.pdf,serie_a,G01_ROMA_FIORENTINA,2026-08-25T08:43:53,2026-09-04T18:15:28,SERIE A ENILIVE 2026-2027
48a4a03799a54fcfa786527ed54d723b_TORMIL_MatchReport_IT.pdf,serie_a,G01_TORINO_MILAN,2026-09-01T13:03:26,2026-09-04T18:08:23,SERIE A ENILIVE 2026-2027
8955e66c6ca5484d8500e78890332c59_ATABOL_MatchReport_IT.pdf,serie_a,G02_ATALANTA_BOLOGNA,2026-09-04T16:05:38,2026-09-04T16:05:38,SERIE A ENILIVE 2026-2027
9d9ce7d178144bf7849e070d20ac7e87_LAZGEN_MatchReport_IT.pdf,serie_a,G02_LAZIO_GENOA,2026-09-04T16:06:03,2026-09-04T16:06:03,SERIE A ENILIVE 2026-2027
fc127bfcf8514a9eb56e850c850e91d6_FIOFRO_MatchReport_IT.pdf,serie_a,G02_FIORENTINA_FROSINONE,2026-09-04T16:07:40,2026-09-04T16:07:40,SERIE A ENILIVE 2026-2027
1ea05880c7a9419fb44d428b0b26e3cf_LECROM_MatchReport_IT.pdf,serie_a,G02_LECCE_ROMA,2026-09-04T16:09:44,2026-09-04T16:09:44,SERIE A ENILIVE 2026-2027
f3b167cf831e4f8cb972913b6bd88bed_MONUDI_MatchReport_IT.pdf,serie_a,G02_MONZA_UDINESE,2026-09-04T16:10:11,2026-09-04T16:10:11,SERIE A ENILIVE 2026-2027
4115d1ee7b934f6681fb89aab9cade08_NAPCOM_MatchReport_IT.pdf,serie_a,G02_NAPOLI_COMO,2026-09-04T16:10:58,2026-09-04T16:10:58,SERIE A ENILIVE 2026-2027
aaa641323ef546f5a5fb5727ac4ef145_CAGINT_MatchReport_IT.pdf,serie_a,G02_CAGLIARI_INTER,2026-09-04T16:12:21,2026-09-04T16:12:21,SERIE A ENILIVE 2026-2027
041af211814b49418816a69ea7ec7eb6_SASTOR_MatchReport_IT.pdf,serie_a,G02_SASSUOLO_TORINO,2026-09-04T16:13:36,2026-09-04T16:13:36,SERIE A ENILIVE 2026-2027
ebf6152ee01f4ade99512e302d6dea47_JUVPAR_MatchReport_IT.pdf,serie_a,G02_JUVENTUS_PARMA,2026-09-04T16:14:05,2026-09-04T16:14:05,SERIE A ENILIVE 2026-2027
8f81947dbf6149b7b2801dbf1fa8d68c_UDILAZ_MatchReport_IT.pdf,serie_a,G03_UDINESE_LAZIO,2026-09-09T14:33:56,2026-09-09T14:33:56,SERIE A ENILIVE 2026-2027
5095ed8887b54b8a99e0b74acf00782d_CAGLEC_MatchReport_IT.pdf,serie_a,G03_CAGLIARI_LECCE,2026-09-09T14:34:45,2026-09-09T14:34:45,SERIE A ENILIVE 2026-2027
7c4d8a215bdb45d9bf8b6f48fe82fbaa_JUVMIL_MatchReport_IT.pdf,serie_a,G03_JUVENTUS_MILAN,2026-09-09T14:35:33,2026-09-09T14:35:33,SERIE A ENILIVE 2026-2027
e9c3a062798b4974badf0c9f4c6b8680_BOLSAS_MatchReport_IT.pdf,serie_a,G03_BOLOGNA_SASSUOLO,2026-09-09T14:36:28,2026-09-09T14:36:28,SERIE A ENILIVE 2026-2027
08d025f6cd1d4272bc2ba4671a1da61a_PARMON_MatchReport_IT.pdf,serie_a,G03_PARMA_MONZA,2026-09-09T14:37:12,2026-09-09T14:37:12,SERIE A ENILIVE 2026-2027
9541a0be3a734a4cb2b3979280da7f3f_ROMATA_MatchReport_IT.pdf,serie_a,G03_ROMA_ATALANTA,2026-09-09T14:38:55,2026-09-09T14:38:55,SERIE A ENILIVE 2026-2027
86b3628029294fd09f41812584afb77b_INTNAP_MatchReport_IT.pdf,serie_a,G03_INTER_NAPOLI,2026-09-09T14:39:42,2026-09-09T14:39:42,SERIE A ENILIVE 2026-2027
fa5bd623291544e09fcf3963235095cd_FIOTOR_MatchReport_IT.pdf,serie_a,G03_FIORENTINA_TORINO,2026-09-09T14:40:43,2026-09-09T14:40:43,SERIE A ENILIVE 2026-2027
1e9a6c87d8a2434a9cbe57ce46459d7f_GENCOM_MatchReport_IT.pdf,serie_a,G03_GENOA_COMO,2026-09-09T14:42:07,2026-09-09T14:42:07,SERIE A ENILIVE 2026-2027
63df33b09832485fab2f1fe0190cb0a1_GENFRO_MatchReport_IT.pdf,serie_a,G04_GENOA_FROSINONE,2026-09-14T13:08:20,2026-09-14T13:08:20,SERIE A ENILIVE 2026-2027
9aa9e29151f3498cb12a5955c225ded1_LAZMIL_MatchReport_IT.pdf,serie_a,G04_LAZIO_MILAN,2026-09-14T13:09:51,2026-09-14T13:09:51,SERIE A ENILIVE 2026-2027
c87267dcb32a4bd184eb4019cb88f531_ATACAG_MatchReport_IT.pdf,serie_a,G04_ATALANTA_CAGLIARI,2026-09-14T13:14:24,2026-09-14T13:14:24,SERIE A ENILIVE 2026-2027
b7ecdcd497b3445490aa0f0ba58468b5_LECMON_MatchReport_IT.pdf,serie_a,G04_LECCE_MONZA,2026-09-15T07:41:48,2026-09-15T07:41:48,SERIE A ENILIVE 2026-2027
eefcca4b6f0f47c38acd745f612d30af_NAPBOL_MatchReport_IT.pdf,serie_a,G04_NAPOLI_BOLOGNA,2026-09-15T07:42:57,2026-09-15T07:42:57,SERIE A ENILIVE 2026-2027
9388dc1dd7d1471f9a99150ab044f3b8_SASJUV_MatchReport_IT.pdf,serie_a,G04_SASSUOLO_JUVENTUS,2026-09-15T07:44:12,2026-09-15T07:44:12,SERIE A ENILIVE 2026-2027
4a9f7d8ed19147318913acb1f4110a93_COMPAR_MatchReport_IT.pdf,serie_a,G04_COMO_PARMA,2026-09-15T14:18:51,2026-09-15T14:18:51,SERIE A ENILIVE 2026-2027
ca1647d15eea4124a020a3796bc9a700_TORROM_MatchReport_IT.pdf,serie_a,G04_TORINO_ROMA,2026-09-15T15:34:16,2026-09-15T15:34:16,SERIE A ENILIVE 2026-2027
07028ce41c0d4c43b0c207a2561310f3_INTUDI_MatchReport_IT.pdf,serie_a,G04_INTER_UDINESE,2026-09-15T16:16:39,2026-09-15T16:16:39,SERIE A ENILIVE 2026-2027
e4fe3e637d6e496fb6a905a0b183ed1c_VENLEC_MatchReport_IT.pdf,serie_a,G01_VENEZIA_LECCE,2026-09-18T10:49:57,2026-09-18T10:49:57,SERIE A ENILIVE 2026-2027
930f34f78d2c4220a22398aa55eff622_MILVEN_MatchReport_IT.pdf,serie_a,G02_MILAN_VENEZIA,2026-09-18T10:54:50,2026-09-18T10:54:50,SERIE A ENILIVE 2026-2027
18a37aed48f14b739371499da39712da_FROVEN_MatchReport_IT.pdf,serie_a,G03_FROSINONE_VENEZIA,2026-09-18T11:03:02,2026-09-18T11:03:02,SERIE A ENILIVE 2026-2027
e32f1d77a1aa4798845a2d0239cbaf5a_VENFIO_MatchReport_IT.pdf,serie_a,G04_VENEZIA_FIORENTINA,2026-09-18T11:07:50,2026-09-18T11:07:50,SERIE A ENILIVE 2026-2027
3e2b413e28e941eaa67c235d56f0f49e_MONSAS_MatchReport_IT.pdf,serie_a,G05_MONZA_SASSUOLO,2026-09-18T21:00:35,2026-09-23T07:48:42,SERIE A ENILIVE 2026-2027
9dc5081d9da34e7ebc9f5f399f4fde3e_BOLTOR_MatchReport_IT.pdf,serie_a,G05_BOLOGNA_TORINO,2026-09-19T15:37:45,2026-09-23T07:49:39,SERIE A ENILIVE 2026-2027
b379132366c34e029867ef76218226f3_UDICAG_MatchReport_IT.pdf,serie_a,G05_UDINESE_CAGLIARI,2026-09-19T15:39:16,2026-09-23T07:50:33,SERIE A ENILIVE 2026-2027
1fa6b87a405e48298591a6cec6e5afc6_ROMINT_MatchReport_IT.pdf,serie_a,G05_ROMA_INTER,2026-09-19T18:49:16,2026-09-23T07:51:05,SERIE A ENILIVE 2026-2027
9d15e895b0c643a0a2037c4348e4f9c0_VENLAZ_MatchReport_IT.pdf,serie_a,G05_VENEZIA_LAZIO,2026-09-19T20:56:51,2026-09-23T07:51:42,SERIE A ENILIVE 2026-2027
366086de79234367babcea766de9a1f7_FIONAP_MatchReport_IT.pdf,serie_a,G05_FIORENTINA_NAPOLI,2026-09-20T13:04:59,2026-09-23T07:52:15,SERIE A ENILIVE 2026-2027
bc43f881caea41d9852ea93e113984d8_PARGEN_MatchReport_IT.pdf,serie_a,G05_PARMA_GENOA,2026-09-20T15:31:04,2026-09-23T07:52:45,SERIE A ENILIVE 2026-2027
659b1f7ed9f14b94a4fc025045e55ced_FROCOM_MatchReport_IT.pdf,serie_a,G05_FROSINONE_COMO,2026-09-20T15:38:03,2026-09-23T07:53:14,SERIE A ENILIVE 2026-2027
04fabb2a6dcc487bbdab3d1710dcdab5_JUVATA_MatchReport_IT.pdf,serie_a,G05_JUVENTUS_ATALANTA,2026-09-20T18:36:25,2026-09-23T07:53:41,SERIE A ENILIVE 2026-2027
8978d7b9501b49b4a3f526eb7dd3d877_MILLEC_MatchReport_IT.pdf,serie_a,G05_MILAN_LECCE,2026-09-20T21:13:21,2026-09-23T07:54:15,SERIE A ENILIVE 2026-2027
